-- phpMyAdmin SQL Dump
-- version 4.0.10deb1
-- http://www.phpmyadmin.net
--
-- Host: 127.0.0.1
-- Generation Time: Dec 18, 2017 at 11:03 PM
-- Server version: 5.5.57-0ubuntu0.14.04.1
-- PHP Version: 5.5.9-1ubuntu4.22

SET SQL_MODE = "NO_AUTO_VALUE_ON_ZERO";
SET time_zone = "+00:00";


/*!40101 SET @OLD_CHARACTER_SET_CLIENT=@@CHARACTER_SET_CLIENT */;
/*!40101 SET @OLD_CHARACTER_SET_RESULTS=@@CHARACTER_SET_RESULTS */;
/*!40101 SET @OLD_COLLATION_CONNECTION=@@COLLATION_CONNECTION */;
/*!40101 SET NAMES utf8 */;

--
-- Database: `ip_hsap`
--

-- --------------------------------------------------------

--
-- Table structure for table `kategorija`
--

CREATE TABLE IF NOT EXISTS `kategorija` (
  `id_kategorija` int(11) NOT NULL AUTO_INCREMENT,
  `id_vprasalnik` int(11) DEFAULT NULL,
  `ime_kategorije` varchar(255) DEFAULT NULL,
  PRIMARY KEY (`id_kategorija`)
) ENGINE=InnoDB  DEFAULT CHARSET=latin1 AUTO_INCREMENT=18 ;

--
-- Dumping data for table `kategorija`
--

INSERT INTO `kategorija` (`id_kategorija`, `id_vprasalnik`, `ime_kategorije`) VALUES
(1, 2, 'Telesna podlestvica'),
(2, 2, 'Kognitivna lestvica'),
(3, 2, 'Psihosocialna podlestvica'),
(4, 0, 'Fizi?no zdravje'),
(5, 0, 'Omejitve zaradi fizi?nih problemov'),
(6, 0, 'Omejitve zaradi ?ustvenih problemov'),
(7, 0, 'Bole?ina'),
(8, 0, '?ustveno po?utje'),
(9, 0, 'Energija'),
(10, 0, 'Percepcija zdravja'),
(11, 0, 'Socialne funkcije'),
(12, 0, 'Miselne funkcije'),
(13, 0, 'Zdravstvene težave'),
(14, 0, 'Spolne funkcije'),
(15, 0, 'Spremembe zdravja'),
(16, 0, 'Zadovoljstvo s spolnimi funkcijami'),
(17, 0, 'Splošna kakovost življenja');

-- --------------------------------------------------------

--
-- Table structure for table `odgovor`
--

CREATE TABLE IF NOT EXISTS `odgovor` (
  `id_odgovor` int(11) DEFAULT NULL,
  `vrednost` int(11) DEFAULT NULL,
  `opis` varchar(255) DEFAULT NULL,
  `id_vprasanje` int(11) DEFAULT NULL
) ENGINE=InnoDB DEFAULT CHARSET=latin1;

--
-- Dumping data for table `odgovor`
--

INSERT INTO `odgovor` (`id_odgovor`, `vrednost`, `opis`, `id_vprasanje`) VALUES
(1, 1, 'odlicno', 22),
(2, 2, 'Zelo dobro', 22),
(3, 3, 'Dobro', 22),
(4, 4, 'Ne dobro, ne slabo', 22),
(5, 5, 'Slabo', 22),
(6, 1, 'Veliko boljs?e kot pred enim letom', 23),
(7, 2, 'Nekoliko boljs?e kot pred enim letom', 23),
(8, 3, 'Približno enako kot pred enim letom', 23),
(9, 4, 'Nekolikoslabs?e kot pred enim letom', 23),
(10, 5, 'Veliko slabs?e kot pred enim letom', 23),
(11, 1, 'Da, zelo me ovira', 25),
(12, 2, 'Da, malo me ovira', 25),
(13, 3, 'Ne, sploh me ovira \r\n', 25),
(16, 0, 'Nikoli', 1),
(16, 0, 'Nikoli', 2),
(16, 0, 'Nikoli', 3),
(16, 0, 'Nikoli', 4),
(16, 0, 'Nikoli', 5),
(16, 0, 'Nikoli', 6),
(16, 0, 'Nikoli', 7),
(16, 0, 'Nikoli', 8),
(16, 0, 'Nikoli', 9),
(16, 0, 'Nikoli', 10),
(16, 0, 'Nikoli', 11),
(16, 0, 'Nikoli', 12),
(16, 0, 'Nikoli', 13),
(16, 0, 'Nikoli', 14),
(16, 0, 'Nikoli', 15),
(16, 0, 'Nikoli', 16),
(16, 0, 'Nikoli', 17),
(16, 0, 'Nikoli', 18),
(16, 0, 'Nikoli', 19),
(16, 0, 'Nikoli', 20),
(16, 0, 'Nikoli', 21),
(17, 1, 'Redko', 1),
(17, 1, 'Redko', 2),
(17, 1, 'Redko', 3),
(17, 1, 'Redko', 4),
(17, 1, 'Redko', 5),
(17, 1, 'Redko', 6),
(17, 1, 'Redko', 7),
(17, 1, 'Redko', 8),
(17, 1, 'Redko', 9),
(17, 1, 'Redko', 10),
(17, 1, 'Redko', 11),
(17, 1, 'Redko', 12),
(17, 1, 'Redko', 13),
(17, 1, 'Redko', 14),
(17, 1, 'Redko', 15),
(17, 1, 'Redko', 16),
(17, 1, 'Redko', 17),
(17, 1, 'Redko', 18),
(17, 1, 'Redko', 19),
(17, 1, 'Redko', 20),
(17, 1, 'Redko', 21),
(18, 2, 'V?asih', 1),
(18, 2, 'V?asih', 2),
(18, 2, 'V?asih', 3),
(18, 2, 'V?asih', 4),
(18, 2, 'V?asih', 5),
(18, 2, 'V?asih', 6),
(18, 2, 'V?asih', 7),
(18, 2, 'V?asih', 8),
(18, 2, 'V?asih', 9),
(18, 2, 'V?asih', 10),
(18, 2, 'V?asih', 11),
(18, 2, 'V?asih', 12),
(18, 2, 'V?asih', 13),
(18, 2, 'V?asih', 14),
(18, 2, 'V?asih', 15),
(18, 2, 'V?asih', 16),
(18, 2, 'V?asih', 17),
(18, 2, 'V?asih', 18),
(18, 2, 'V?asih', 19),
(18, 2, 'V?asih', 20),
(18, 2, 'V?asih', 21),
(19, 3, 'Pogosto', 1),
(19, 3, 'Pogosto', 2),
(19, 3, 'Pogosto', 3),
(19, 3, 'Pogosto', 4),
(19, 3, 'Pogosto', 5),
(19, 3, 'Pogosto', 6),
(19, 3, 'Pogosto', 7),
(19, 3, 'Pogosto', 8),
(19, 3, 'Pogosto', 9),
(19, 3, 'Pogosto', 10),
(19, 3, 'Pogosto', 11),
(19, 3, 'Pogosto', 12),
(19, 3, 'Pogosto', 13),
(19, 3, 'Pogosto', 14),
(19, 3, 'Pogosto', 15),
(19, 3, 'Pogosto', 16),
(19, 3, 'Pogosto', 17),
(19, 3, 'Pogosto', 18),
(19, 3, 'Pogosto', 19),
(19, 3, 'Pogosto', 20),
(19, 3, 'Pogosto', 21),
(20, 4, 'Skoraj vedno', 1),
(20, 4, 'Skoraj vedno', 2),
(20, 4, 'Skoraj vedno', 3),
(20, 4, 'Skoraj vedno', 4),
(20, 4, 'Skoraj vedno', 5),
(20, 4, 'Skoraj vedno', 6),
(20, 4, 'Skoraj vedno', 7),
(20, 4, 'Skoraj vedno', 8),
(20, 4, 'Skoraj vedno', 9),
(20, 4, 'Skoraj vedno', 10),
(20, 4, 'Skoraj vedno', 11),
(20, 4, 'Skoraj vedno', 12),
(20, 4, 'Skoraj vedno', 13),
(20, 4, 'Skoraj vedno', 14),
(20, 4, 'Skoraj vedno', 15),
(20, 4, 'Skoraj vedno', 16),
(20, 4, 'Skoraj vedno', 17),
(20, 4, 'Skoraj vedno', 18),
(20, 4, 'Skoraj vedno', 19),
(20, 4, 'Skoraj vedno', 20),
(20, 4, 'Skoraj vedno', 21),
(21, 1, 'Odli?no', 22),
(22, 2, 'Zelo dobro', 22),
(23, 3, 'Dobro', 22),
(24, 4, 'Ne dobro, ne slabo', 22),
(25, 5, 'Slabo', 22),
(26, 1, 'Veliko boljše kot pred enim letom', 23),
(27, 2, 'Nekoliko boljše kot pred enim letom', 23),
(28, 3, 'Približno enako kot pred enim letom', 23),
(29, 4, 'Nekoliko slabše kot pred enim letom', 23),
(30, 5, 'Veliko slabše kot pred enim letom', 23),
(31, 1, 'Da, zelo me ovira', 25),
(32, 2, 'Da, mslo me ovira', 25),
(33, 3, 'Ne, sploh me ne ovira', 25),
(31, 1, 'Da, zelo me ovira', 26),
(32, 2, 'Da, mslo me ovira', 26),
(33, 3, 'Ne, sploh me ne ovira', 26),
(31, 1, 'Da, zelo me ovira', 27),
(32, 2, 'Da, mslo me ovira', 27),
(33, 3, 'Ne, sploh me ne ovira', 27),
(31, 1, 'Da, zelo me ovira', 28),
(32, 2, 'Da, mslo me ovira', 28),
(33, 3, 'Ne, sploh me ne ovira', 28),
(31, 1, 'Da, zelo me ovira', 29),
(32, 2, 'Da, mslo me ovira', 29),
(33, 3, 'Ne, sploh me ne ovira', 29),
(31, 1, 'Da, zelo me ovira', 30),
(32, 2, 'Da, mslo me ovira', 30),
(33, 3, 'Ne, sploh me ne ovira', 30),
(31, 1, 'Da, zelo me ovira', 31),
(32, 2, 'Da, mslo me ovira', 31),
(33, 3, 'Ne, sploh me ne ovira', 31),
(31, 1, 'Da, zelo me ovira', 32),
(32, 2, 'Da, mslo me ovira', 32),
(33, 3, 'Ne, sploh me ne ovira', 32),
(31, 1, 'Da, zelo me ovira', 33),
(32, 2, 'Da, mslo me ovira', 33),
(33, 3, 'Ne, sploh me ne ovira', 33),
(31, 1, 'Da, zelo me ovira', 34),
(32, 2, 'Da, mslo me ovira', 34),
(33, 3, 'Ne, sploh me ne ovira', 34),
(34, 1, 'Da', 36),
(35, 2, 'Ne', 36),
(34, 1, 'Da', 37),
(35, 2, 'Ne', 37),
(34, 1, 'Da', 38),
(35, 2, 'Ne', 38),
(34, 1, 'Da', 39),
(35, 2, 'Ne', 39),
(34, 1, 'Da', 41),
(35, 2, 'Ne', 41),
(34, 1, 'Da', 42),
(35, 2, 'Ne', 42),
(34, 1, 'Da', 43),
(35, 2, 'Ne', 43),
(36, 1, 'Prav ni?', 44),
(37, 2, 'Nekoliko', 44),
(38, 3, 'Zmerno', 44),
(39, 4, 'Precej', 44),
(40, 5, 'Skrajno', 44),
(36, 1, 'Prav ni?', 46),
(37, 2, 'Nekoliko', 46),
(38, 3, 'Zmerno', 46),
(39, 4, 'Precej', 46),
(40, 5, 'Skrajno', 46),
(36, 1, 'Prav ni?', 83),
(37, 2, 'Nekoliko', 83),
(38, 3, 'Zmerno', 83),
(39, 4, 'Precej', 83),
(40, 5, 'Skrajno', 83),
(36, 1, 'Prav ni?', 84),
(37, 2, 'Nekoliko', 84),
(38, 3, 'Zmerno', 84),
(39, 4, 'Precej', 84),
(40, 5, 'Skrajno', 84),
(41, 1, 'Nobenih', 45),
(42, 2, 'Zelo blage', 45),
(43, 3, 'Blage', 45),
(44, 4, 'Zmerne', 45),
(45, 5, 'Hude', 45),
(46, 6, 'Zelo hude', 45),
(47, 1, 'Ves ?as', 48),
(48, 2, 'Ve?ino ?asa', 48),
(49, 3, 'Precej ?asa', 48),
(50, 4, 'Nekaj ?asa', 48),
(51, 5, 'Malo ?asa', 48),
(52, 6, 'Nikoli', 48),
(47, 1, 'Ves ?as', 49),
(48, 2, 'Ve?ino ?asa', 49),
(49, 3, 'Precej ?asa', 49),
(50, 4, 'Nekaj ?asa', 49),
(51, 5, 'Malo ?asa', 49),
(52, 6, 'Nikoli', 49),
(47, 1, 'Ves ?as', 50),
(48, 2, 'Ve?ino ?asa', 50),
(49, 3, 'Precej ?asa', 50),
(50, 4, 'Nekaj ?asa', 50),
(51, 5, 'Malo ?asa', 50),
(52, 6, 'Nikoli', 50),
(47, 1, 'Ves ?as', 51),
(48, 2, 'Ve?ino ?asa', 51),
(49, 3, 'Precej ?asa', 51),
(50, 4, 'Nekaj ?asa', 51),
(51, 5, 'Malo ?asa', 51),
(52, 6, 'Nikoli', 51),
(47, 1, 'Ves ?as', 52),
(48, 2, 'Ve?ino ?asa', 52),
(49, 3, 'Precej ?asa', 52),
(50, 4, 'Nekaj ?asa', 52),
(51, 5, 'Malo ?asa', 52),
(52, 6, 'Nikoli', 52),
(47, 1, 'Ves ?as', 53),
(48, 2, 'Ve?ino ?asa', 53),
(49, 3, 'Precej ?asa', 53),
(50, 4, 'Nekaj ?asa', 53),
(51, 5, 'Malo ?asa', 53),
(52, 6, 'Nikoli', 53),
(47, 1, 'Ves ?as', 54),
(48, 2, 'Ve?ino ?asa', 54),
(49, 3, 'Precej ?asa', 54),
(50, 4, 'Nekaj ?asa', 54),
(51, 5, 'Malo ?asa', 54),
(52, 6, 'Nikoli', 54),
(47, 1, 'Ves ?as', 55),
(48, 2, 'Ve?ino ?asa', 55),
(49, 3, 'Precej ?asa', 55),
(50, 4, 'Nekaj ?asa', 55),
(51, 5, 'Malo ?asa', 55),
(52, 6, 'Nikoli', 55),
(47, 1, 'Ves ?as', 56),
(48, 2, 'Ve?ino ?asa', 56),
(49, 3, 'Precej ?asa', 56),
(50, 4, 'Nekaj ?asa', 56),
(51, 5, 'Malo ?asa', 56),
(52, 6, 'Nikoli', 56),
(47, 1, 'Ves ?as', 57),
(48, 2, 'Ve?ino ?asa', 57),
(49, 3, 'Precej ?asa', 57),
(50, 4, 'Nekaj ?asa', 57),
(51, 5, 'Malo ?asa', 57),
(52, 6, 'Nikoli', 57),
(47, 1, 'Ves ?as', 65),
(48, 2, 'Ve?ino ?asa', 65),
(49, 3, 'Precej ?asa', 65),
(50, 4, 'Nekaj ?asa', 65),
(51, 5, 'Malo ?asa', 65),
(52, 6, 'Nikoli', 65),
(47, 1, 'Ves ?as', 66),
(48, 2, 'Ve?ino ?asa', 66),
(49, 3, 'Precej ?asa', 66),
(50, 4, 'Nekaj ?asa', 66),
(51, 5, 'Malo ?asa', 66),
(52, 6, 'Nikoli', 66),
(47, 1, 'Ves ?as', 67),
(48, 2, 'Ve?ino ?asa', 67),
(49, 3, 'Precej ?asa', 67),
(50, 4, 'Nekaj ?asa', 67),
(51, 5, 'Malo ?asa', 67),
(52, 6, 'Nikoli', 67),
(47, 1, 'Ves ?as', 68),
(48, 2, 'Ve?ino ?asa', 68),
(49, 3, 'Precej ?asa', 68),
(50, 4, 'Nekaj ?asa', 68),
(51, 5, 'Malo ?asa', 68),
(52, 6, 'Nikoli', 68),
(47, 1, 'Ves ?as', 70),
(48, 2, 'Ve?ino ?asa', 70),
(49, 3, 'Precej ?asa', 70),
(50, 4, 'Nekaj ?asa', 70),
(51, 5, 'Malo ?asa', 70),
(52, 6, 'Nikoli', 70),
(47, 1, 'Ves ?as', 71),
(48, 2, 'Ve?ino ?asa', 71),
(49, 3, 'Precej ?asa', 71),
(50, 4, 'Nekaj ?asa', 71),
(51, 5, 'Malo ?asa', 71),
(52, 6, 'Nikoli', 71),
(47, 1, 'Ves ?as', 72),
(48, 2, 'Ve?ino ?asa', 72),
(49, 3, 'Precej ?asa', 72),
(50, 4, 'Nekaj ?asa', 72),
(51, 5, 'Malo ?asa', 72),
(52, 6, 'Nikoli', 72),
(47, 1, 'Ves ?as', 73),
(48, 2, 'Ve?ino ?asa', 73),
(49, 3, 'Precej ?asa', 73),
(50, 4, 'Nekaj ?asa', 73),
(51, 5, 'Malo ?asa', 73),
(52, 6, 'Nikoli', 73),
(53, 1, 'Ves ?as', 58),
(54, 2, 'Ve?ino ?asa', 58),
(55, 3, 'Nekaj ?asa', 58),
(56, 4, 'Malo ?asa', 58),
(57, 5, 'Nikoli', 58),
(58, 1, 'Popolnoma drži', 60),
(59, 2, 'V glavnem drži', 60),
(60, 3, 'Ne vem', 60),
(61, 4, 'V glavnem ne drži', 60),
(62, 5, 'Nikakor ne drži', 60),
(58, 1, 'Popolnoma drži', 61),
(59, 2, 'V glavnem drži', 61),
(60, 3, 'Ne vem', 61),
(61, 4, 'V glavnem ne drži', 61),
(62, 5, 'Nikakor ne drži', 61),
(58, 1, 'Popolnoma drži', 62),
(59, 2, 'V glavnem drži', 62),
(60, 3, 'Ne vem', 62),
(61, 4, 'V glavnem ne drži', 62),
(62, 5, 'Nikakor ne drži', 62),
(58, 1, 'Popolnoma drži', 63),
(59, 2, 'V glavnem drži', 63),
(60, 3, 'Ne vem', 63),
(61, 4, 'V glavnem ne drži', 63),
(62, 5, 'Nikakor ne drži', 63),
(63, 1, 'Nobenih težav', 75),
(64, 2, 'Malo težav', 75),
(65, 3, 'Precej težav', 75),
(66, 4, 'Zelo  veliko težav', 75),
(63, 1, 'Nobenih težav', 76),
(64, 2, 'Malo težav', 76),
(65, 3, 'Precej težav', 76),
(66, 4, 'Zelo  veliko težav', 76),
(63, 1, 'Nobenih težav', 77),
(64, 2, 'Malo težav', 77),
(65, 3, 'Precej težav', 77),
(66, 4, 'Zelo  veliko težav', 77),
(63, 1, 'Nobenih težav', 78),
(64, 2, 'Malo težav', 78),
(65, 3, 'Precej težav', 78),
(66, 4, 'Zelo  veliko težav', 78),
(63, 1, 'Nobenih težav', 79),
(64, 2, 'Malo težav', 79),
(65, 3, 'Precej težav', 79),
(66, 4, 'Zelo  veliko težav', 79),
(63, 1, 'Nobenih težav', 80),
(64, 2, 'Malo težav', 80),
(65, 3, 'Precej težav', 80),
(66, 4, 'Zelo  veliko težav', 80),
(63, 1, 'Nobenih težav', 81),
(64, 2, 'Malo težav', 81),
(65, 3, 'Precej težav', 81),
(66, 4, 'Zelo  veliko težav', 81),
(67, 1, 'Zelo zadovoljen', 82),
(68, 2, 'Precej zadovoljen', 82),
(69, 3, 'Niti zadovoljen niti nezadovoljen', 82),
(70, 4, 'Precej nezadovoljen', 82),
(71, 5, 'Zelo nezadovoljen', 82),
(72, 0, ':(((', 85),
(73, 1, '', 85),
(74, 2, ':((', 85),
(75, 3, '', 85),
(76, 4, ':(', 85),
(77, 5, '', 85),
(78, 6, ':)', 85),
(79, 7, '', 85),
(80, 8, ':))', 85),
(81, 9, '', 85),
(82, 10, ':D', 85),
(83, 1, 'Grozno', 86),
(84, 2, 'Precej nesre?no', 86),
(85, 3, 'Ve?inoma slabo', 86),
(86, 4, 'Srednje: malo slabo in malo dobro', 86),
(87, 5, 'Ve?inoma dobro', 86),
(88, 6, 'Precej sre?no', 86),
(89, 7, 'Krasno', 86);

-- --------------------------------------------------------

--
-- Table structure for table `odgovori`
--

CREATE TABLE IF NOT EXISTS `odgovori` (
  `id_odgovori` int(11) DEFAULT NULL,
  `id_uporabnik` int(11) DEFAULT NULL,
  `id_odgovor` int(11) DEFAULT NULL,
  `datum` datetime DEFAULT NULL
) ENGINE=InnoDB DEFAULT CHARSET=latin1;

-- --------------------------------------------------------

--
-- Table structure for table `uporabnik`
--

CREATE TABLE IF NOT EXISTS `uporabnik` (
  `id_uporabnik` int(11) DEFAULT NULL
) ENGINE=InnoDB DEFAULT CHARSET=latin1;

-- --------------------------------------------------------

--
-- Table structure for table `vprasalnik`
--

CREATE TABLE IF NOT EXISTS `vprasalnik` (
  `id_vprasalnik` int(11) NOT NULL DEFAULT '0',
  `naslov` varchar(30) DEFAULT NULL,
  PRIMARY KEY (`id_vprasalnik`)
) ENGINE=InnoDB DEFAULT CHARSET=latin1;

--
-- Dumping data for table `vprasalnik`
--

INSERT INTO `vprasalnik` (`id_vprasalnik`, `naslov`) VALUES
(0, 'MSQOL-54'),
(1, 'MSWS-12'),
(2, 'MFIS'),
(3, 'MSIS-29'),
(4, 'WPAI-MS'),
(5, 'TSQM'),
(6, 'BDI II');

-- --------------------------------------------------------

--
-- Table structure for table `vprasanje`
--

CREATE TABLE IF NOT EXISTS `vprasanje` (
  `id_vprasanje` int(11) NOT NULL AUTO_INCREMENT,
  `id_vprasalnika` int(11) DEFAULT NULL,
  `vprasanje` varchar(255) DEFAULT NULL,
  `id_kategorije` int(11) DEFAULT NULL,
  PRIMARY KEY (`id_vprasanje`),
  UNIQUE KEY `id_vprasanje` (`id_vprasanje`)
) ENGINE=InnoDB  DEFAULT CHARSET=latin1 AUTO_INCREMENT=87 ;

--
-- Dumping data for table `vprasanje`
--

INSERT INTO `vprasanje` (`id_vprasanje`, `id_vprasalnika`, `vprasanje`, `id_kategorije`) VALUES
(1, 2, 'Sem manj buden.', 2),
(2, 2, 'Imam tezave pri daljsem\r\nvzdrzevanju pozornosti.', 2),
(3, 2, 'Ne zmorem trezno razmis?ljati.', 2),
(4, 2, 'Sem neroden in imam slabo koordinacjo', 1),
(5, 2, 'Sem pozabljiv.', 2),
(6, 2, 'Moram se nadzorovati pri telesnih dejavnostih.', 1),
(7, 2, 'Sem manj motiviran za vse, kar zahteva telesni napor.', 1),
(8, 2, 'Manj se mi ljubi sodelovati pri druzabnih dejavnostih.', 3),
(9, 2, 'Sem omejen glede dejavnosti izven doma.', 3),
(10, 2, 'Tezko zdrzim telesni napor dalj casa.', 1),
(11, 2, 'Tezko se odlocam.', 2),
(12, 2, 'Sem manj motiviran za vse, kar zahteva razmisljanje.', 2),
(13, 2, 'Cutim nemoc v misicah.', 1),
(14, 2, 'Pocutim se nelagodno.', 1),
(15, 2, 'Tezko dokoncam naloge, ki zahtevajo razmisljanje.', 2),
(16, 2, 'Tezko zberem misli pri delu doma ali v sluzbi.', 2),
(17, 2, 'Tezje dokoncam naloge, ki zahtevajo telesni napor.', 1),
(18, 2, 'Moje misljenje je upocasnjeno.', 2),
(19, 2, 'Imam tezave s koncentracijo.', 2),
(20, 2, 'Omejil sem svoje telesne dejavnosti.', 1),
(21, 2, 'Potrebujem vec pocitka, pocivam dalj casa.', 1),
(22, 0, 'Ali bi lahko rekli, da je vaše zdravje na splošno:', 10),
(23, 0, 'Kako bi sedaj na splošno ocenili svoje zdravje, ?e ga primerjate s svojim zdravjem pred enim letom?', 15),
(24, 0, 'Naslednja vprašanja zadevajo dejavnosti, ki jih najbrž po?nete ob obi?ajnih dnevih. Vas zdaj vaše zdravstveno stanje pri teh dejavnostih ovira? ?e vas ovira, ocenite, v kakšni meri:', NULL),
(25, 0, 'Težke dejavnosti, recimo tek, vzdigovanje težkih predmetov, naporni športi', 4),
(26, 0, 'Zmerno težke dejavnosti, recimo premikanje mize, porivanje sesalca po sobi, balinanje ali gobarjenje', 4),
(27, 0, 'Vzdigovanje ali prenašanje vre?k s hrano iz trgovine', 4),
(28, 0, 'Vzpenjanje peš po stopnicah nekaj nadstropij', 4),
(29, 0, 'Vzpenjanje peš po stopnicah eno nadstropje', 4),
(30, 0, 'Sklanjanje, poklekanje, po?epanje', 4),
(31, 0, 'Hoja dlje kot en kilometer', 4),
(32, 0, 'Hoja nekaj sto metrov dale?', 4),
(33, 0, 'Hoja sto metrov dale?', 4),
(34, 0, 'Samostojno kopanje ali obla?enje', 4),
(35, 0, 'Koliko ?asa ste v zadnjih 4 tednih zaradi telesnega zdravja pri delu ali pri drugih rednih dnevnih dejavnostih imeli katerega od naštetih problemov?', NULL),
(36, 0, 'Ste morali skrajšati ?as, namenjen delu ali drugim dejavnostim?', 5),
(37, 0, 'Ste postorili manj, kot bi želeli?', 5),
(38, 0, 'Ste bili omejeni pri opravljanju dolo?ene vrste dela ali drugih dejavnosti?', 5),
(39, 0, 'Ste s težavo opravljali delo ali druge dejavnosti (tako, da je bil na primer potreben dodaten napor)?', 5),
(40, 0, 'Koliko ?asa ste v zadnjih 4 tednih zaradi ?ustvenih težav (recimo, da ste bili potrti ali zaskrbljeni) imeli pri svojem delu ali drugih rednih dnevnih dejavnostih katerega od naštetih problemov?', NULL),
(41, 0, 'Ste morali skrajšati ?as, namenjen delu ali drugim dejavnostim?', 6),
(42, 0, 'Ste postorili manj, kot bi želeli?', 6),
(43, 0, 'Ste bili pri delu ali drugih dejavnostih manj skrbni kot sicer?', 6),
(44, 0, 'Koliko so v zadnjih 4 tednih vaše telesno zdravstveno stanje ali ?ustvene težave ovirale vaše obi?ajne družabne dejavnosti v krogu družine, prijateljev, sosedov ali drugih ljudi?', 11),
(45, 0, 'Ste v zadnjih 4 tednih imeli kakšne telesne bole?ine?', 7),
(46, 0, 'Koliko so vas v zadnjih 4 tednih telesne bole?ine ovirale pri vašem obi?ajnem delu (tako izven doma kot pri hišnih opravilih)?', 7),
(47, 0, 'Ta vprašanja sprašujejo o tem, kako ste se po?utili in kako vam je šlo v zadnjih 4 tednih. Za vsako vprašanje poiš?ite odgovor, ki najbolje opisuje, kako ste se po?utili. Koliko ?asa v zadnjih 4 tednih ste bili...', NULL),
(48, 0, 'Polni življenja?', 9),
(49, 0, 'Zelo živ?ni?', 8),
(50, 0, 'Tako na tleh, da vas ni? ni moglo spraviti v dobro voljo?', 8),
(51, 0, 'Mirni in sproš?eni?', 8),
(52, 0, 'Polni energije?', 9),
(53, 0, 'Malodušni in potrti?', 8),
(54, 0, 'Iz?rpani?', 9),
(55, 0, 'Sre?ni?', 8),
(56, 0, 'Utrujeni?', 9),
(57, 0, 'Zjutraj, ko ste se zbudili, spo?iti?', 9),
(58, 0, 'Koliko ?asa so vas v zadnjih 4 tednih vaše telesno zdravstveno stanje ali ?ustvene težave ovirale pri vaših družabnih dejavnostih (na primer pri sre?anjih s prijatelji, sorodniki, itd.)?', 11),
(59, 0, 'Koliko vsaka od naslednjih trditev za vas DRŽI ali NE DRŽI?', NULL),
(60, 0, 'Zdi se mi, da zbolim prej kot drugi', 10),
(61, 0, 'Tako zdrav sem kot vsi drugi ljudje, ki jih poznam', 10),
(62, 0, 'Pri?akujem, da se mi bo zdravje poslabšalo', 10),
(63, 0, 'Moje zdravje je odli?no', 10),
(64, 0, 'Zdravstvene težave: Koliko ?asa v zadnjih 4 tednih', NULL),
(65, 0, 'Ste zaradi zdravstvenih težav izgubili pogum?', 13),
(66, 0, 'Ste bili razo?arani zaradi svojega zdravstvenega stanja?', 13),
(67, 0, 'Vas je zaradi zdravja skrbelo?', 13),
(68, 0, 'Ste bili potrti zaradi svojih zdravstvenih težav?', 13),
(69, 0, 'Kognitivne (miselne) funkcije: Koliko ?asa v zadnjih 4 tednih...', NULL),
(70, 0, 'Ste imeli težave z zbranostjo in razmišljanjem?', 12),
(71, 0, 'Ste imeli težave pri ohranjanju pozornosti dalj ?asa na dolo?eno aktivnost?', 12),
(72, 0, 'Ste imeli težave s spominom?', 12),
(73, 0, 'So drugi, na primer družinski ?lani ali prijatelji, opazili, da imate težave s spominom ali z zbranostjo?', 12),
(74, 0, 'Naslednji sklop vprašanj zadeva vaše spolno življenje in vašo oceno, kako ste zadovoljni z njim. Vljudno vas prosimo, da ozna?ite ?im bolj to?ne odgovore o svoji spolnosti samo za zadnje 4 tedne.', NULL),
(75, 0, 'Pomanjkanje zanimanja za spolnost', 14),
(76, 0, 'Težave z doseganjem ali vzdrževanjem erekcije', 14),
(77, 0, 'Težave z doseganjem orgazma', 14),
(78, 0, 'Zmožnost zadovoljiti spolnega partnerja', 14),
(79, 0, 'Nezadostna navlažitev nožnice', 14),
(80, 0, 'Težave z doživljanjem orgazma', 14),
(81, 0, 'Zmožnost zadovoljiti spolnega partnerja', 14),
(82, 0, 'Kako zadovoljni ste bili na splošno z vašim spolnim življenjem v zadnjih 4 tednih?', 16),
(83, 0, 'V kolikšni meri so vas v zadnjih 4 tednih težave s ?revesjem oziroma se?nim mehurjem motile pri obi?ajnih družabnih dejavnostih v krogu družine, prijateljev, sosedov ali drugih ljudi?', 11),
(84, 0, 'Koliko so vas v zadnjih 4 tednih bole?ine prepre?evale, da bi uživali življenje?', 7),
(85, 0, 'Kako bi na splošno ocenili svojo kakovost življenja?', 17),
(86, 0, 'Kako bi najbolje opisali, kakšno je vaše življenje na splošno?', 17);

/*!40101 SET CHARACTER_SET_CLIENT=@OLD_CHARACTER_SET_CLIENT */;
/*!40101 SET CHARACTER_SET_RESULTS=@OLD_CHARACTER_SET_RESULTS */;
/*!40101 SET COLLATION_CONNECTION=@OLD_COLLATION_CONNECTION */;
